<?xml version="1.0"?>
<Topics>
    <Topic value="$SYS/broker/uptime">
        <Name>System Uptime</Name>
        <Description>MQTT Broker System Uptime</Description>
        <Units>String</Units>
        <Type>$SYS</Type>
        <Default>Unknown Seconds</Default>
        <QoS>1</QoS>
    </Topic>
    <Topic value="$SYS/broker/version">
        <Name>Broker Version</Name>
        <Description>MQTT Broker Version</Description>
        <Units>String</Units>
        <Type>$SYS</Type>
    </Topic>
    <Topic value="$SYS/broker/messages/sent">
        <Name>XX Messages Sent</Name>
        <Description>MQTT Broker Messages Sent</Description>
        <Units>String</Units>
        <Type>$SYS</Type>
    </Topic>
    <Topic value="$SYS/broker/messages/received">
        <Name>Messages Received</Name>
        <Description>MQTT Broker Messages Received</Description>
        <Units>String</Units>
        <Type>$SYS</Type>
    </Topic>
</Topics>
    
