{"3": {"name": "Test Server", "topics": [{"qos": "1", "name": "System Uptime", "topic": "$SYS/broker/uptime", "units": "String", "type": "$SYS", "payload": "Unknown Seconds", "desc": "MQTT Broker System Uptime"}, {"qos": "1", "name": "Broker Version", "topic": "$SYS/broker/uptime", "units": "String", "type": "$SYS", "payload": "", "desc": "MQTT Broker Version"}, {"qos": "1", "name": "Messages Sent", "topic": "$SYS/broker/messages/sent", "units": "String", "type": "$SYS", "payload": "", "desc": "MQTT Broker Messages Sent"}, {"qos": "1", "name": "Messages Received", "topic": "$SYS/broker/messages/received", "units": "String", "type": "$SYS", "payload": "", "desc": "MQTT Broker Messages Received"}], "topicManager": "generic", "id": "3", "host": "test.mosquitto.org", "poll": 5000, "port": 1883, "keepalive": 0}}